<?xml version="1.0" encoding="UTF-8"?>
<project-private xmlns="http://www.netbeans.org/ns/project-private/1">
    <open-files xmlns="http://www.netbeans.org/ns/projectui-open-files/2">
        <group>
            <file>file:/C:/Users/naral/OneDrive/Documentos/NetBeansProjects/Laboratorio-1/SistemaVuelos/src/Logica/SistemaVuelos.java</file>
            <file>file:/C:/Users/naral/OneDrive/Documentos/NetBeansProjects/Laboratorio-1/SistemaVuelos/src/Presentacion/FrmLogin.java</file>
            <file>file:/C:/Users/naral/OneDrive/Documentos/NetBeansProjects/Laboratorio-1/SistemaVuelos/src/Datos/Conexion.java</file>
            <file>file:/C:/Users/naral/OneDrive/Documentos/NetBeansProjects/Laboratorio-1/SistemaVuelos/src/Presentacion/FrmMenuPrincipal.java</file>
            <file>file:/C:/Users/naral/OneDrive/Documentos/NetBeansProjects/Laboratorio-1/SistemaVuelos/src/Presentacion/pnlRegVuelo.java</file>
        </group>
    </open-files>
</project-private>
